country,avg_health_expenditure,avg_life_expectancy
Afghanistan,49.39746999850001,58.89932975769043
Albania,237.15657910454544,76.31605830337062
Algeria,203.22056908999997,74.96472965587269
Angola,83.28891983909092,57.43403059063536
Antigua and Barbuda,714.5101540313636,75.47485062570283
Argentina,907.316890369091,75.61991223421964
Armenia,278.5947016809091,72.8887070164536
Australia,4437.261136142271,81.73594006625089
Austria,4495.672008166818,80.21092987060547
Azerbaijan,139.48289862499996,70.37287047415069
Bahrain,842.8135251140909,73.54659999500622
Bangladesh,25.012564702727275,70.39851685726282
Barbados,1068.9042164204548,75.6889473886201
Belarus,289.5440205668181,71.26367453372839
Belgium,4190.758567116363,79.84120131983902
Belize,239.9371608377273,73.36471638535008
Benin,29.129770843181824,61.14107519207579
Bhutan,76.54583254772727,71.36362145163797
Bosnia and Herzegovina,385.16351699909086,76.57178474195075
Botswana,353.4595004004545,57.263648871219516
Brazil,682.4188974559092,73.6870626969771
Brunei Darussalam,689.3182067881818,76.5483003096147
Bulgaria,483.1109830681819,73.45558039347331
Burkina Faso,31.932486404545458,58.16812243606105
Burundi,16.343453732727276,57.48135323957963
Cabo Verde,147.2124951104545,73.54640475186434
Cambodia,59.5067458590909,65.96307274789521
Cameroon,51.71501844545453,57.11396639274828
Canada,4308.191489480455,80.80844116210938
Central African Republic,21.80960334454545,48.88784911415794
Chad,30.842107815454547,55.60730506434585
Chile,882.6330150250001,79.02388254801433
China,261.0154956481818,74.74776343143347
Colombia,380.4852558477273,75.6698884674997
Comoros,71.01033470863636,65.75744218537302
Costa Rica,629.2460146813636,79.75160147927024
Croatia,894.0510614572727,76.71179152979995
Cuba,632.680180867143,77.80929698641339
Cyprus,1721.5243447036353,80.8068215341279
Czechia,1295.6143216227274,77.26817113702947
Denmark,5337.068137429546,79.28502053925486
Djibouti,57.90408307772726,62.272292801828094
Dominican Republic,253.29739345181818,73.47085663766572
Ecuador,306.4129300545455,75.11421850955847
El Salvador,278.35037509,73.47710048791134
Equatorial Guinea,190.29698371909086,59.051246122880414
Eritrea,24.705870280909085,60.43504119641853
Estonia,999.3050259681821,75.11681631839636
Eswatini,241.39252784000013,48.35356024539832
Ethiopia,15.878982348636365,62.19906558412494
Fiji,155.74655914318177,67.26209137656473
Finland,3884.993119674091,79.95531995368727
France,4131.192216352728,80.99468820745295
Gabon,207.90160577909097,61.874802791711055
Georgia,264.6127775363637,72.03003588589755
Germany,4412.746937144091,79.8835783293753
Ghana,59.19203433181817,62.4781358314283
Greece,1820.6550514918183,79.99579793756658
Grenada,383.0065682154545,72.36431156505238
Guatemala,192.56624638000005,70.8100639112068
Guinea,28.91845286954545,58.08839838432543
Guinea-Bissau,38.275332147727255,55.115300207427055
Guyana,184.97100535363637,66.23990792939158
Haiti,47.05184581090911,59.755038463708125
Honduras,147.3558103381818,70.38906328605883
Hungary,908.9827922477273,74.30151794895981
Iceland,4580.470692029092,81.51894078110203
India,43.578304031818185,67.33622319770582
Indonesia,77.00808958681817,69.15217359138258
Iraq,154.5139627957895,70.48571763958847
Ireland,4575.253989480454,79.90923702355587
Israel,2348.5677268281815,80.87966514356208
Italy,2800.904474431364,81.44230813691111
Jamaica,299.40752064136365,72.57298567800811
Japan,3710.725785689091,83.16206602616744
Jordan,255.88182830772735,76.43875630696614
Kazakhstan,228.50334618318172,68.64564236727628
Kenya,55.61667260136365,60.89841166409579
Kiribati,150.908410505,61.23607051733768
Kuwait,1083.6308690854546,80.38169236616655
Latvia,757.5609193281816,72.68684699318625
Lebanon,499.1967704086364,77.50890754930901
Lesotho,87.61215313909088,48.09421920776367
Liberia,40.5127813809091,59.391279104984164
Libya,363.99668052,73.52124682339755
Lithuania,837.2463469068186,73.18270989620325
Luxembourg,5940.167824485909,80.97924296061198
Madagascar,18.611086802272723,61.98801329641631
Malawi,28.951480105909088,55.896324966893054
Malaysia,288.29690967818186,74.31552493933475
Maldives,609.892053085,74.68881364302202
Mali,27.032361160454556,58.28155766111432
Malta,1918.1556840381818,80.37463841293797
Mauritania,44.84100047136363,67.66543723597671
Mauritius,369.41990176045465,73.10146701697147
Mexico,511.01411160545456,74.914588581432
Mongolia,119.84781065909091,67.55968249927868
Montenegro,683.3808815700002,76.38364664713542
Morocco,142.6167266145455,72.18878474380031
Mozambique,27.539925814090914,54.23587868430398
Myanmar,33.015585920454555,64.36618354103781
Namibia,421.7345490895454,58.424560604673445
Nepal,31.299819555909092,69.11432324033795
New Zealand,2923.2192438304555,80.54626961910364
Nicaragua,121.25980290499997,76.73525896939364
Niger,22.604824239545458,57.14590766213157
Nigeria,64.54286792,59.43375506545558
North Macedonia,320.30170024590905,74.50566944931492
Norway,6970.002752132274,80.92986424763997
Oman,532.5348385895453,73.87885631214489
Pakistan,27.01076772045456,64.26054180029666
Panama,727.6270682586363,77.32131657455906
Papua New Guinea,44.79708376818183,64.94266273036148
Paraguay,270.54953107,74.81773804173325
Peru,240.90226156045452,77.68918378425367
Philippines,90.08675367227275,69.5599320151589
Poland,721.9285555754545,75.96170182661577
Portugal,1935.1810774372727,79.47065041281961
Qatar,1539.2791165445456,74.58503422592625
Romania,430.99533150409087,73.47063422925544
Russian Federation,498.1180284672729,68.84332506584398
Rwanda,36.29278148318183,61.56050173441569
Samoa,176.1228717454546,70.12733332316081
Sao Tome and Principe,88.68397296636363,68.40952555338542
Saudi Arabia,966.948149246819,74.57290707212506
Senegal,49.50966115409091,64.84182034116803
Serbia,481.42100611636374,74.00356408321497
Seychelles,503.522435969091,73.12593067053592
Sierra Leone,48.73850987090907,55.31559666720304
Singapore,1806.3522338872729,81.67217058123964
Slovenia,1800.6064730554547,79.017196077289
Solomon Islands,85.13849379818183,64.56967717950994
South Africa,464.9083855359092,58.48440834970185
South Sudan,35.310195922000005,58.83716074625651
Spain,2386.342043790454,81.34274858416933
Sri Lanka,103.80227886499999,74.82016962224787
Sudan,55.07320373681819,66.49067185141824
Suriname,332.4138519990909,72.12819232362689
Sweden,4816.499034534545,81.1950674345999
Switzerland,7575.04889471,81.92641633929628
Syrian Arab Republic,58.58123666636364,69.36109675783099
Tajikistan,42.05625659727273,70.08621354536577
Thailand,176.2112768336364,74.84294521447384
Timor-Leste,67.6256597431579,67.15699928685238
Togo,33.470097802727274,59.69345711216782
Tonga,177.1941143386364,72.13363069476503
Trinidad and Tobago,779.1121423886362,72.8022558038885
Tunisia,214.09548568818175,76.0317435987068
Turkmenistan,297.34867130636366,67.71718447136156
Uganda,36.25864154590909,59.3409318634958
Ukraine,176.75822552772718,69.95228622898911
United Arab Emirates,1434.1599370786366,80.1215311686198
Uruguay,1062.891071666818,76.17602747136897
Uzbekistan,81.75147065363635,66.9133528507117
Vanuatu,90.44209965681819,66.25580937934645
Viet Nam,89.61873704772727,72.78485801003195
Zambia,54.78202173954547,55.438374028061375
Zimbabwe,87.6421753575,56.77161513434516
